Suite/Test/Step Name,Browser,Description,Start time,End time,Duration,Status
Inside Track - Upcoming Events,Firefox 58.0,All various kinds of upcoming events will be created under this test suite. All major validations will be in placed.,2018-02-16 17:58:00,2018-02-16 18:03:11,5m - 10.961s,FAILED
,,,,,,
Test Cases/Login,Firefox 58.0,,2018-02-16 17:58:01,2018-02-16 17:58:36,35.472s,PASSED
openBrowser,Firefox 58.0,,2018-02-16 17:58:01,2018-02-16 17:58:05,3.783s,PASSED
"Statement - family_ID = com.kms.katalon.core.testdata.TestDataFactory.findTestData(Family_ID).getValue(""Family_id"", 1)",Firefox 58.0,,2018-02-16 17:58:05,2018-02-16 17:58:06,0.701s,PASSED
Statement - family_id = family_ID,Firefox 58.0,,2018-02-16 17:58:06,2018-02-16 17:58:06,0.011s,PASSED
"Statement - If (family_id == ""4"")",Firefox 58.0,,2018-02-16 17:58:06,2018-02-16 17:58:26,19.868s,PASSED
setText,Firefox 58.0,,2018-02-16 17:58:26,2018-02-16 17:58:26,0.065s,PASSED
setText,Firefox 58.0,,2018-02-16 17:58:26,2018-02-16 17:58:26,0.064s,PASSED
click,Firefox 58.0,,2018-02-16 17:58:26,2018-02-16 17:58:35,9.559s,PASSED
waitForElementVisible,Firefox 58.0,,2018-02-16 17:58:35,2018-02-16 17:58:36,0.080s,PASSED
"Statement - IsTrue = com.kms.katalon.core.webui.keyword.WebUiBuiltInKeywords.verifyTextPresent(""Your Latest"", false, CONTINUE_ON_FAILURE)",Firefox 58.0,,2018-02-16 17:58:36,2018-02-16 17:58:36,0.884s,PASSED
,,,,,,
Test Cases/Add Upcoming Event,Firefox 58.0,,2018-02-16 17:58:36,2018-02-16 18:02:59,4m - 22.582s,FAILED
callTestCase,Firefox 58.0,,2018-02-16 17:58:37,2018-02-16 17:58:43,6.046s,PASSED
Statement - TotalRows = com.kms.katalon.core.testdata.TestDataFactory.findTestData(EventsInputData).getRowNumbers(),Firefox 58.0,,2018-02-16 17:58:43,2018-02-16 17:58:43,0.037s,PASSED
"Statement - For ([i = 1, i < TotalRows + 1, (++i)])",Firefox 58.0,,2018-02-16 17:58:43,2018-02-16 18:02:59,4m - 16.068s,FAILED
,,,,,,
Test Cases/Logout,Firefox 58.0,,2018-02-16 18:02:59,2018-02-16 18:03:11,12.296s,PASSED
delay,Firefox 58.0,,2018-02-16 18:02:59,2018-02-16 18:03:00,1.002s,PASSED
Statement - dropDownObj = new com.kms.katalon.core.testobject.TestObject(),Firefox 58.0,,2018-02-16 18:03:00,2018-02-16 18:03:00,0.000s,PASSED
"Statement - dropDownObj.addProperty(""tag"", EQUALS, ""img"")",Firefox 58.0,,2018-02-16 18:03:00,2018-02-16 18:03:00,0.001s,PASSED
"Statement - If (family_id == ""4"")",Firefox 58.0,,2018-02-16 18:03:00,2018-02-16 18:03:00,0.000s,PASSED
click,Firefox 58.0,,2018-02-16 18:03:00,2018-02-16 18:03:00,0.238s,PASSED
delay,Firefox 58.0,,2018-02-16 18:03:00,2018-02-16 18:03:01,1.001s,PASSED
Statement - SignOutObj = new com.kms.katalon.core.testobject.TestObject(),Firefox 58.0,,2018-02-16 18:03:01,2018-02-16 18:03:01,0.000s,PASSED
"Statement - SignOutObj.addProperty(""href"", EQUALS, ""/member/logout/index"")",Firefox 58.0,,2018-02-16 18:03:01,2018-02-16 18:03:01,0.001s,PASSED
"Statement - SignOutObj.addProperty(""text"", EQUALS, ""Sign Out"")",Firefox 58.0,,2018-02-16 18:03:01,2018-02-16 18:03:01,0.000s,PASSED
click,Firefox 58.0,,2018-02-16 18:03:01,2018-02-16 18:03:10,8.654s,PASSED
delay,Firefox 58.0,,2018-02-16 18:03:10,2018-02-16 18:03:11,1.001s,PASSED
verifyTextPresent,Firefox 58.0,,2018-02-16 18:03:11,2018-02-16 18:03:11,0.068s,PASSED
closeBrowser,Firefox 58.0,,2018-02-16 18:03:11,2018-02-16 18:03:11,0.255s,PASSED
