Suite/Test/Step Name,Browser,Description,Start time,End time,Duration,Status
Inside Track - Upcoming Events,Firefox 58.0,All various kinds of upcoming events will be created under this test suite. All major validations will be in placed.,2018-02-16 17:39:58,2018-02-16 17:45:37,5m - 39.118s,FAILED
,,,,,,
Test Cases/Login,Firefox 58.0,,2018-02-16 17:39:58,2018-02-16 17:40:32,33.590s,PASSED
openBrowser,Firefox 58.0,,2018-02-16 17:39:59,2018-02-16 17:40:03,4.260s,PASSED
"Statement - family_ID = com.kms.katalon.core.testdata.TestDataFactory.findTestData(Family_ID).getValue(""Family_id"", 1)",Firefox 58.0,,2018-02-16 17:40:03,2018-02-16 17:40:04,0.724s,PASSED
Statement - family_id = family_ID,Firefox 58.0,,2018-02-16 17:40:04,2018-02-16 17:40:04,0.003s,PASSED
"Statement - If (family_id == ""4"")",Firefox 58.0,,2018-02-16 17:40:04,2018-02-16 17:40:22,18.447s,PASSED
setText,Firefox 58.0,,2018-02-16 17:40:22,2018-02-16 17:40:22,0.075s,PASSED
setText,Firefox 58.0,,2018-02-16 17:40:22,2018-02-16 17:40:22,0.054s,PASSED
click,Firefox 58.0,,2018-02-16 17:40:22,2018-02-16 17:40:31,8.543s,PASSED
waitForElementVisible,Firefox 58.0,,2018-02-16 17:40:31,2018-02-16 17:40:31,0.076s,PASSED
"Statement - IsTrue = com.kms.katalon.core.webui.keyword.WebUiBuiltInKeywords.verifyTextPresent(""Your Latest"", false, CONTINUE_ON_FAILURE)",Firefox 58.0,,2018-02-16 17:40:31,2018-02-16 17:40:32,0.941s,PASSED
,,,,,,
Test Cases/Add Upcoming Event,Firefox 58.0,,2018-02-16 17:40:32,2018-02-16 17:45:21,4m - 49.666s,FAILED
callTestCase,Firefox 58.0,,2018-02-16 17:40:32,2018-02-16 17:40:38,6.124s,PASSED
Statement - TotalRows = com.kms.katalon.core.testdata.TestDataFactory.findTestData(EventsInputData).getRowNumbers(),Firefox 58.0,,2018-02-16 17:40:38,2018-02-16 17:40:38,0.047s,PASSED
"Statement - For ([i = 1, i < TotalRows + 1, (++i)])",Firefox 58.0,,2018-02-16 17:40:38,2018-02-16 17:45:21,4m - 43.060s,FAILED
,,,,,,
Test Cases/Logout,Firefox 58.0,,2018-02-16 17:45:21,2018-02-16 17:45:37,15.203s,PASSED
delay,Firefox 58.0,,2018-02-16 17:45:21,2018-02-16 17:45:23,1.005s,PASSED
Statement - dropDownObj = new com.kms.katalon.core.testobject.TestObject(),Firefox 58.0,,2018-02-16 17:45:23,2018-02-16 17:45:23,0.000s,PASSED
"Statement - dropDownObj.addProperty(""tag"", EQUALS, ""img"")",Firefox 58.0,,2018-02-16 17:45:23,2018-02-16 17:45:23,0.001s,PASSED
"Statement - If (family_id == ""4"")",Firefox 58.0,,2018-02-16 17:45:23,2018-02-16 17:45:23,0.000s,PASSED
click,Firefox 58.0,,2018-02-16 17:45:23,2018-02-16 17:45:23,0.231s,PASSED
delay,Firefox 58.0,,2018-02-16 17:45:23,2018-02-16 17:45:24,1.001s,PASSED
Statement - SignOutObj = new com.kms.katalon.core.testobject.TestObject(),Firefox 58.0,,2018-02-16 17:45:24,2018-02-16 17:45:24,0.001s,PASSED
"Statement - SignOutObj.addProperty(""href"", EQUALS, ""/member/logout/index"")",Firefox 58.0,,2018-02-16 17:45:24,2018-02-16 17:45:24,0.000s,PASSED
"Statement - SignOutObj.addProperty(""text"", EQUALS, ""Sign Out"")",Firefox 58.0,,2018-02-16 17:45:24,2018-02-16 17:45:24,0.000s,PASSED
click,Firefox 58.0,,2018-02-16 17:45:24,2018-02-16 17:45:35,11.553s,PASSED
delay,Firefox 58.0,,2018-02-16 17:45:35,2018-02-16 17:45:36,1.002s,PASSED
verifyTextPresent,Firefox 58.0,,2018-02-16 17:45:36,2018-02-16 17:45:36,0.086s,PASSED
closeBrowser,Firefox 58.0,,2018-02-16 17:45:36,2018-02-16 17:45:37,0.270s,PASSED
